{
    "Objects": [
        {
            "name": "StaticObj_Misc_Flagpole",
            "pos": [
                11044.990234375,
                178.39157104492188,
                11325.849609375
            ],
            "ypr": [
                0.0,
                -0.0,
                -0.0
            ],
            "scale": 0.9999997615814209,
            "enableCEPersistency": 0
        },
        {
            "name": "Flag_Livonia",
            "pos": [
                11045.1337890625,
                174.8169403076172,
                11326.1689453125
            ],
            "ypr": [
                0.0,
                -0.0,
                -0.0
            ],
            "scale": 0.9999997615814209,
            "enableCEPersistency": 0
        }
    ]
}