{
    "Objects": [
        {
            "name": "Cauldron",
            "pos": [
                10702.900390625,
                180.74099731445313,
                10976.0
            ],
            "ypr": [
                0.0,
                0.0,
                0.0
            ],
            "scale": 16.999906539916993,
            "enableCEPersistency": 0
        },
        {
            "name": "Bonfire",
            "pos": [
                10702.900390625,
                183.0,
                10976.0
            ],
            "ypr": [
                0.0,
                0.0,
                0.366176038980484
            ],
            "scale": 0.19999995827674867,
            "enableCEPersistency": 0
        },
        {
            "name": "Grenade_ChemGas",
            "pos": [
                10702.900390625,
                183.0,
                10976.0
            ],
            "ypr": [
                0.0,
                0.0,
                0.0
            ],
            "scale": 33.99993133544922,
            "enableCEPersistency": 0
        },
        {
            "name": "SpookyArea",
            "pos": [
                10702.900390625,
                181.0,
                10976.0
            ],
            "ypr": [
                0.0,
                -2.7393641471862795,
                0.5493679642677307
            ],
            "scale": 0.9996005892753601,
            "enableCEPersistency": 0
        }
    ]
}