{
    "Objects": [
        {
            "name": "PartyTent_LunaparkPlacing",
            "pos": [
                10787.0888671875,
                196.41200256347657,
                10986.546875
            ],
            "ypr": [
                -44.72798538208008,
                0.0,
                0.0
            ],
            "scale": 5.199996471405029,
            "enableCEPersistency": 0
        },
        {
            "name": "PartyTent_LunaparkPlacing",
            "pos": [
                10759.505859375,
                196.41200256347657,
                11014.150390625
            ],
            "ypr": [
                -44.441463470458987,
                0.0,
                0.0
            ],
            "scale": 5.199992656707764,
            "enableCEPersistency": 0
        }
    ]
}