{
    "Objects": [
        {
            "name": "Land_Garage_Tall",
            "pos": [
                10805.6044921875,
                179.0296630859375,
                11017.2353515625
            ],
            "ypr": [
                45.24063491821289,
                0.0,
                0.0
            ],
            "scale": 0.9999963045120239,
            "enableCEPersistency": 0
        }
    ]
}