{
    "Objects": [
        {
            "name": "PartyTent",
            "pos": [
                10786.3046875,
                196.6999969482422,
                10988.0966796875
            ],
            "ypr": [
                -45.589500427246097,
                0.0,
                0.0
            ],
            "scale": 5.700000286102295,
            "enableCEPersistency": 0
        },
        {
            "name": "PartyTent",
            "pos": [
                10761.083984375,
                196.6999969482422,
                11013.6455078125
            ],
            "ypr": [
                -45.73273849487305,
                0.0,
                0.0
            ],
            "scale": 5.699995517730713,
            "enableCEPersistency": 0
        }
    ]
}