{
    "Objects": [
        {
            "name": "bldr_Forest_HumanSkeleton",
            "pos": [
                6591.08984375,
                275.0,
                7512.43994140625
            ],
            "ypr": [
                0.0,
                90.0,
                0.0
            ],
            "scale": 24.999832153320314,
            "enableCEPersistency": 0
        },
        {
            "name": "Candle",
            "pos": [
                6593.15478515625,
                283.9522705078125,
                7519.462890625
            ],
            "ypr": [
                17.188737869262697,
                0.0,
                0.0
            ],
            "scale": 4.999997615814209,
            "enableCEPersistency": 0
        },
        {
            "name": "Candle",
            "pos": [
                6594.9599609375,
                284.29998779296877,
                7518.35986328125
            ],
            "ypr": [
                17.188697814941408,
                0.0,
                15.0
            ],
            "scale": 4.999996662139893,
            "enableCEPersistency": 0
        }
    ]
}