{
    "Objects": [
        {
            "name": "Land_Village_Store_Enoch",
            "pos": [
                6457.326171875,
                311.77685546875,
                4723.6484375
            ],
            "ypr": [
                124.71062469482422,
                0.0,
                -0.0
            ],
            "scale": 0.9999992251396179,
            "enableCEPersistency": 0
        }
    ]
}